Quarter,Consumer Price Index,UNRATE,Personal Savings,Inflation Rate,GDP,Personal Consumption Expenditures,Gross Savings,Gross saving as a percentage of gross national income,Gross domestic investment,Net saving as a percentage of gross national income,FEDFUNDS,Military Spending
1947-03-31,21.633333333333336,,12.595,18.86666666666667,243.164,156.2,47.1,19.6,40.8,7.9,,
1947-06-30,21.933333333333334,,8.476,18.333333333333332,245.968,160.0,46.7,19.1,39.6,7.4,,
1947-09-30,22.566666666666666,,12.635,12.066666666666668,249.585,163.5,49.1,19.7,41.0,7.9,,
1947-12-31,23.166666666666668,,10.372,9.3,259.745,167.7,54.0,21.0,49.8,9.3,,
1948-03-31,23.53333333333333,3.733333333333333,12.763,8.766666666666667,265.742,170.4,59.0,22.1,54.7,10.6,,
1948-06-30,23.933333333333337,3.6666666666666665,16.672,9.1,272.567,174.1,62.7,22.8,58.6,11.5,,
1948-09-30,24.46666666666667,3.766666666666667,19.876,8.433333333333334,279.196,177.1,62.0,22.1,61.3,10.8,,
1948-12-31,24.23333333333333,3.8333333333333335,19.458,4.633333333333333,280.366,177.9,62.4,22.1,60.7,10.8,,
1949-03-31,23.866666666666664,4.666666666666667,15.143,1.4333333333333333,275.034,176.8,54.7,19.9,53.4,8.2,,
1949-06-30,23.866666666666664,5.866666666666667,13.204,-0.26666666666666666,271.351,178.4,48.6,17.9,47.5,6.0,,
1949-09-30,23.8,6.7,13.895,-2.733333333333333,272.889,177.8,50.1,18.4,51.5,6.6,,
1949-12-31,23.7,6.966666666666666,12.25,-2.233333333333333,270.627,180.2,44.8,16.7,49.3,4.6,,
1950-03-31,23.53333333333333,6.3999999999999995,24.168,-1.4000000000000001,280.828,182.9,53.2,19.1,57.4,7.4,,
1950-06-30,23.7,5.566666666666666,20.554,-0.7000000000000001,290.383,186.8,61.7,21.2,63.4,9.9,,
1950-09-30,24.26666666666667,4.633333333333334,13.777,1.9666666666666668,308.153,200.5,67.1,21.7,70.4,10.8,,
1950-12-31,24.766666666666666,4.233333333333333,21.489,4.5,319.945,197.9,77.6,24.2,80.8,13.3,,
1951-03-31,25.63333333333333,3.5,17.543,8.933333333333334,336.0,209.2,74.3,22.2,79.5,11.4,,
1951-06-30,25.866666666666664,3.1,28.863,9.133333333333335,344.09,204.9,82.5,24.1,85.6,13.2,,
1951-09-30,25.96666666666667,3.1666666666666665,29.193,7.033333333333334,351.385,207.6,80.7,23.1,83.1,12.2,,
1951-12-31,26.366666666666664,3.3666666666666667,27.918,6.466666666666666,356.178,211.6,81.5,22.9,81.2,11.9,,
1952-03-31,26.366666666666664,3.0666666666666664,27.357,2.8333333333333335,359.82,213.0,82.0,22.9,82.2,11.9,,
1952-06-30,26.433333333333334,2.966666666666667,26.163,2.1666666666666665,361.03,217.1,76.0,21.1,77.3,9.9,,
1952-09-30,26.7,3.233333333333333,30.082,2.8333333333333335,367.701,219.6,79.3,21.6,82.1,10.4,,
1952-12-31,26.7,2.8333333333333335,27.624,1.2666666666666666,380.812,227.7,82.3,21.6,86.0,10.7,,
1953-03-31,26.566666666666666,2.6999999999999997,27.936,0.7666666666666667,387.98,231.2,84.0,21.7,88.2,10.7,,
1953-06-30,26.7,2.566666666666667,29.81,1.0,391.749,233.0,84.2,21.6,89.3,10.5,,
1953-09-30,26.866666666666664,2.733333333333333,29.134,0.6,391.171,233.7,83.7,21.5,88.5,10.2,,
1953-12-31,26.933333333333334,3.6999999999999997,29.88,0.8333333333333334,385.97,233.1,76.0,19.9,82.4,8.3,,
1954-03-31,26.899999999999995,5.266666666666667,30.581,1.2333333333333334,385.345,235.2,78.9,20.5,82.1,8.8,,
1954-06-30,26.866666666666664,5.8,27.727,0.6333333333333333,386.121,237.9,79.2,20.5,81.4,8.7,,
1954-09-30,26.866666666666664,5.966666666666666,26.989,0.0,390.996,240.3,80.2,20.6,83.7,8.7,1.03,
1954-12-31,26.766666666666666,5.333333333333333,27.288,-0.6,399.734,245.1,84.7,21.2,86.6,9.4,0.9866666666666667,
1955-03-31,26.7,4.733333333333333,26.238,-0.6999999999999998,413.073,251.4,89.9,21.8,92.8,10.3,1.3433333333333335,
1955-06-30,26.7,4.3999999999999995,27.459,-0.6,421.532,256.5,95.4,22.6,97.4,11.2,1.5,
1955-09-30,26.833333333333332,4.1000000000000005,29.515,-0.13333333333333333,430.221,260.7,97.8,22.7,99.0,11.3,1.9400000000000002,
1955-12-31,26.866666666666664,4.233333333333333,29.581,0.4000000000000001,437.092,264.6,102.3,23.3,103.2,11.8,2.356666666666667,
1956-03-31,26.8,4.033333333333333,32.065,0.4000000000000001,439.746,266.2,105.6,23.8,103.9,12.1,2.4833333333333334,
1956-06-30,27.03333333333333,4.2,34.212,1.2333333333333334,446.01,268.8,107.5,23.9,103.6,12.0,2.6933333333333334,
1956-09-30,27.366666666666664,4.133333333333334,35.544,2.0,451.191,272.1,111.6,24.4,106.0,12.4,2.81,
1956-12-31,27.53333333333333,4.133333333333334,36.791,2.466666666666667,460.463,277.4,113.4,24.3,105.8,12.3,2.9266666666666663,
1957-03-31,27.7,3.9333333333333336,36.089,3.366666666666667,469.779,281.9,114.3,24.1,107.5,12.0,2.9333333333333336,
1957-06-30,28.0,4.1000000000000005,38.092,3.5666666666666664,472.025,284.2,114.4,24.0,107.6,11.7,3.0,
1957-09-30,28.3,4.233333333333333,37.779,3.4333333333333336,479.49,288.8,114.2,23.7,109.9,11.3,3.233333333333334,
1957-12-31,28.366666666666664,4.933333333333334,35.588,3.033333333333333,474.864,290.4,104.3,21.9,101.9,9.2,3.2533333333333334,
1958-03-31,28.666666666666668,6.3,37.174,3.466666666666667,467.54,289.9,100.1,21.3,98.0,8.3,1.8633333333333333,
1958-06-30,28.899999999999995,7.366666666666667,37.235,3.2000000000000006,471.978,292.8,96.8,20.4,97.0,7.3,0.9400000000000001,
1958-09-30,28.933333333333334,7.333333333333333,39.86,2.233333333333333,485.841,297.9,105.0,21.5,104.9,8.6,1.3233333333333335,
1958-12-31,28.933333333333334,6.366666666666667,41.014,2.0,499.555,301.8,113.1,22.6,114.3,9.8,2.1633333333333336,
1959-03-31,28.933333333333334,5.833333333333333,37.871,0.8999999999999999,510.33,309.4,117.8,23.0,119.4,10.4,2.57,
1959-06-30,29.03333333333333,5.1000000000000005,38.777,0.4333333333333333,522.653,315.5,124.9,23.7,125.5,11.3,3.0833333333333335,
1959-09-30,29.233333333333334,5.266666666666667,34.996,1.0333333333333332,525.034,320.7,117.3,22.3,119.7,9.8,3.5766666666666667,
1959-12-31,29.399999999999995,5.6000000000000005,37.22,1.5999999999999999,528.6,322.8,120.3,22.6,121.5,10.1,3.99,
1960-03-31,29.366666666666664,5.133333333333334,38.266,1.4666666666666668,542.648,326.4,132.9,24.4,131.6,12.1,3.9333333333333336,11.8366381675
1960-06-30,29.53333333333333,5.233333333333333,36.543,1.7,541.08,332.2,126.3,23.1,122.3,10.8,3.6966666666666668,11.8366381675
1960-09-30,29.600000000000005,5.533333333333334,38.57,1.2666666666666666,545.604,332.1,127.1,23.2,123.2,10.7,2.936666666666667,11.8366381675
1960-12-31,29.8,6.266666666666666,38.023,1.3999999999999997,540.197,334.0,121.5,22.2,112.8,9.6,2.296666666666667,11.8366381675
1961-03-31,29.8,6.8,41.746,1.5,545.018,334.5,124.6,22.7,118.0,10.0,2.0033333333333334,12.4699426525
1961-06-30,29.8,7.0,42.594,0.9,555.545,339.5,127.0,22.7,122.6,10.1,1.7333333333333334,12.4699426525
1961-09-30,29.96666666666667,6.766666666666667,46.222,1.2666666666666666,567.664,342.3,134.6,23.6,130.8,11.1,1.6833333333333333,12.4699426525
1961-12-31,30.0,6.2,46.979,0.6999999999999998,580.612,349.6,140.2,23.9,134.5,11.7,2.4,12.4699426525
1962-03-31,30.066666666666666,5.633333333333333,47.437,0.9,594.013,354.8,141.6,23.8,140.0,11.6,2.4566666666666666,13.6627356525
1962-06-30,30.2,5.533333333333334,47.464,1.3,600.366,360.5,142.0,23.5,138.6,11.3,2.606666666666667,13.6627356525
1962-09-30,30.333333333333332,5.566666666666666,46.689,1.2,609.027,364.3,144.4,23.6,141.3,11.4,2.8466666666666662,13.6627356525
1962-12-31,30.399999999999995,5.533333333333334,45.22,1.3,612.28,370.6,145.5,23.5,138.4,11.3,2.9233333333333333,13.6627356525
1963-03-31,30.433333333333334,5.766666666666667,46.175,1.2,621.672,374.3,149.1,23.7,142.9,11.5,2.966666666666667,13.640303945
1963-06-30,30.53333333333333,5.733333333333333,46.441,1.0999999999999999,629.752,378.4,153.8,24.1,145.2,12.0,2.9633333333333334,13.640303945
1963-09-30,30.7,5.5,45.932,1.2,644.444,385.4,154.7,23.9,150.4,11.8,3.33,13.640303945
1963-12-31,30.833333333333332,5.566666666666666,49.841,1.4000000000000001,653.938,390.0,158.9,24.1,152.3,12.1,3.453333333333333,13.640303945
1964-03-31,30.899999999999995,5.466666666666666,51.083,1.5,669.822,399.6,161.9,24.1,156.3,12.1,3.4633333333333334,13.358081765
1964-06-30,30.933333333333334,5.2,56.253,1.3,678.674,407.5,163.0,23.9,157.0,11.9,3.49,13.358081765
1964-09-30,31.066666666666666,5.0,54.746,1.2,692.031,416.4,166.4,23.9,159.2,12.0,3.456666666666667,13.358081765
1964-12-31,31.166666666666668,4.966666666666666,59.043,1.0999999999999999,697.319,419.0,172.9,24.5,161.7,12.6,3.5766666666666667,13.358081765
1965-03-31,31.233333333333334,4.8999999999999995,55.548,1.0999999999999999,717.79,429.7,180.8,24.9,172.7,13.1,3.9766666666666666,13.640447815
1965-06-30,31.46666666666667,4.666666666666667,56.274,1.7,730.191,436.6,182.7,24.7,174.0,12.9,4.079999999999999,13.640447815
1965-09-30,31.600000000000005,4.366666666666667,62.591,1.7,749.323,445.8,183.3,24.4,180.1,12.6,4.076666666666667,13.640447815
1965-12-31,31.733333333333334,4.1000000000000005,60.599,1.8,771.857,459.7,185.0,24.0,183.2,12.2,4.166666666666667,13.640447815
1966-03-31,31.96666666666667,3.8666666666666667,59.459,2.3666666666666667,795.734,470.1,194.3,24.5,196.1,12.8,4.56,16.6106878825
1966-06-30,32.333333333333336,3.8333333333333335,59.937,2.766666666666667,804.981,475.2,194.9,24.2,195.4,12.5,4.913333333333333,16.6106878825
1966-09-30,32.63333333333333,3.766666666666667,61.565,3.266666666666667,819.638,484.3,195.3,23.8,197.4,12.1,5.41,16.6106878825
1966-12-31,32.9,3.6999999999999997,66.483,3.6999999999999997,833.302,490.1,201.4,24.2,202.1,12.4,5.5633333333333335,16.6106878825
1967-03-31,32.93333333333333,3.8333333333333335,72.234,3.033333333333333,844.17,494.3,197.6,23.5,200.7,11.6,4.823333333333333,19.59961056
1967-06-30,33.2,3.8333333333333335,69.908,2.6999999999999997,848.983,503.5,194.0,22.8,194.1,10.8,3.9899999999999998,19.59961056
1967-09-30,33.5,3.7999999999999994,73.961,2.6666666666666665,865.233,510.7,201.9,23.2,200.8,11.2,3.893333333333333,19.59961056
1967-12-31,33.800000000000004,3.9,75.875,2.6999999999999997,881.439,518.2,208.5,23.5,206.0,11.4,4.173333333333333,19.59961056
1968-03-31,34.2,3.733333333333333,74.194,3.8333333333333335,909.387,536.3,207.0,22.7,210.6,10.7,4.79,21.082257805
1968-06-30,34.53333333333334,3.5666666666666664,76.781,4.0,934.344,550.0,213.6,22.9,218.5,10.9,5.983333333333333,21.082257805
1968-09-30,35.0,3.533333333333333,68.831,4.5,950.825,566.1,215.5,22.6,215.2,10.6,5.946666666666666,21.082257805
1968-12-31,35.4,3.4,71.889,4.7,968.03,575.0,222.1,22.8,220.3,10.7,5.916666666666667,21.082257805
1969-03-31,35.833333333333336,3.4,67.448,4.766666666666667,993.337,587.0,231.0,23.2,233.9,11.1,6.566666666666666,21.2475413575
1969-06-30,36.43333333333333,3.4333333333333336,70.609,5.5,1009.02,598.3,231.3,22.8,232.4,10.6,8.326666666666666,21.2475413575
1969-09-30,36.96666666666667,3.5666666666666664,82.471,5.6000000000000005,1029.956,608.6,237.7,23.0,237.5,10.8,8.983333333333333,21.2475413575
1969-12-31,37.5,3.5666666666666664,83.702,5.933333333333334,1038.147,620.6,232.5,22.2,228.6,9.9,8.94,21.2475413575
1970-03-31,38.0,4.166666666666667,88.257,6.033333333333334,1051.2,631.7,226.9,21.5,227.1,9.0,8.573333333333332,20.85199825
1970-06-30,38.63333333333333,4.766666666666667,95.407,6.033333333333334,1067.375,641.6,229.8,21.5,230.3,8.8,7.886666666666667,20.85199825
1970-09-30,39.06666666666667,5.166666666666667,102.739,5.7,1086.059,653.5,231.3,21.3,234.1,8.6,6.706666666666667,20.85199825
1970-12-31,39.6,5.833333333333333,103.948,5.599999999999999,1088.608,660.2,224.9,20.6,227.9,7.7,5.566666666666666,20.85199825
1971-03-31,39.9,5.933333333333334,107.689,5.0,1135.156,679.2,238.7,21.1,247.5,8.3,3.856666666666667,19.5594949725
1971-06-30,40.333333333333336,5.900000000000001,114.205,4.4,1156.271,693.2,243.2,21.1,255.7,8.3,4.566666666666666,19.5594949725
1971-09-30,40.766666666666666,6.033333333333334,113.742,4.366666666666666,1177.675,705.6,249.0,21.2,261.2,8.4,5.476666666666667,19.5594949725
1971-12-31,40.96666666666667,5.933333333333334,112.064,3.4666666666666663,1190.297,721.7,253.6,21.2,256.9,8.4,4.75,19.5594949725
1972-03-31,41.26666666666667,5.766666666666667,107.356,3.4333333333333336,1230.609,738.9,263.0,21.3,273.0,8.7,3.546666666666667,20.1770177425
1972-06-30,41.6,5.7,102.435,3.1333333333333333,1266.369,757.4,265.7,21.1,287.7,8.5,4.3,20.1770177425
1972-09-30,42.0,5.566666666666666,108.686,3.0,1290.566,775.8,279.8,21.7,292.3,9.1,4.743333333333333,20.1770177425
1972-12-31,42.4,5.366666666666667,127.638,3.5,1328.904,800.5,302.1,22.5,302.3,10.1,5.1466666666666665,20.1770177425
1973-03-31,42.93333333333334,4.933333333333334,121.706,4.033333333333333,1377.49,825.0,316.0,22.9,320.5,10.5,6.536666666666666,20.3674486025
1973-06-30,43.9,4.933333333333334,132.656,5.533333333333334,1413.887,840.5,324.8,23.0,333.7,10.6,7.816666666666666,20.3674486025
1973-09-30,44.866666666666674,4.8,136.625,6.833333333333333,1433.838,858.9,339.0,23.5,329.0,10.9,10.56,20.3674486025
1973-12-31,45.9,4.766666666666667,152.26,8.266666666666667,1476.289,873.9,361.4,24.3,347.1,11.7,9.996666666666666,20.3674486025
1974-03-31,47.20000000000001,5.133333333333333,148.705,9.933333333333332,1491.209,891.9,355.8,23.6,339.3,10.7,9.323333333333332,22.319730085
1974-06-30,48.53333333333333,5.2,139.623,10.566666666666665,1530.056,920.4,346.4,22.5,353.4,9.4,11.25,22.319730085
1974-09-30,50.0,5.633333333333333,140.248,11.433333333333332,1560.026,949.3,345.9,22.0,349.2,8.6,12.089999999999998,22.319730085
1974-12-31,51.5,6.6000000000000005,156.54,12.199999999999998,1599.679,959.1,348.7,21.8,360.8,8.1,9.346666666666666,22.319730085
1975-03-31,52.43333333333334,8.266666666666666,148.642,11.1,1616.116,985.2,329.8,20.5,327.3,6.3,6.303333333333334,23.0202321875
1975-06-30,53.23333333333333,8.866666666666667,188.469,9.700000000000001,1651.853,1013.6,330.0,20.0,322.4,5.7,5.419999999999999,23.0202321875
1975-09-30,54.36666666666667,8.466666666666667,158.871,8.733333333333333,1709.82,1047.2,360.1,21.0,350.7,6.9,6.16,23.0202321875
1975-12-31,55.23333333333333,8.299999999999999,160.137,7.233333333333334,1761.831,1076.2,372.6,21.1,366.1,7.1,5.413333333333334,23.0202321875
1976-03-31,55.76666666666667,7.733333333333333,156.309,6.366666666666667,1820.487,1109.9,392.0,21.6,397.5,7.7,4.826666666666667,23.67881277
1976-06-30,56.46666666666666,7.566666666666666,154.796,6.066666666666666,1852.332,1129.5,399.3,21.6,411.3,7.7,5.196666666666666,23.67881277
1976-09-30,57.36666666666667,7.733333333333333,155.407,5.533333333333334,1886.558,1158.8,402.1,21.3,417.0,7.4,5.283333333333333,23.67881277
1976-12-31,58.03333333333334,7.766666666666667,151.034,5.1000000000000005,1934.273,1192.4,403.8,21.0,425.6,7.0,4.873333333333334,23.67881277
1977-03-31,59.03333333333333,7.5,141.85,5.833333333333333,1988.648,1228.2,416.0,21.0,451.7,7.0,4.66,26.16630475
1977-06-30,60.333333333333336,7.133333333333333,150.38,6.866666666666667,2055.909,1256.0,454.4,22.1,483.9,8.2,5.156666666666666,26.16630475
1977-09-30,61.199999999999996,6.8999999999999995,160.425,6.666666666666667,2118.473,1286.9,479.3,22.6,507.8,8.8,5.82,26.16630475
1977-12-31,61.86666666666667,6.666666666666667,171.127,6.6000000000000005,2164.27,1324.8,488.0,22.4,515.7,8.5,6.513333333333333,26.16630475
1978-03-31,62.93333333333334,6.333333333333333,177.613,6.599999999999999,2202.76,1354.1,500.5,22.5,528.3,8.5,6.756666666666667,28.345515925
1978-06-30,64.53333333333335,6.0,167.649,6.966666666666666,2331.633,1411.4,540.6,23.2,575.5,9.4,7.283333333333334,28.345515925
1978-09-30,66.06666666666666,6.033333333333334,176.505,7.933333333333334,2395.053,1442.2,561.5,23.5,602.0,9.6,8.1,28.345515925
1978-12-31,67.39999999999999,5.8999999999999995,178.495,8.933333333333334,2476.949,1481.4,589.4,23.9,629.9,10.0,9.583333333333334,28.345515925
1979-03-31,69.06666666666666,5.866666666666667,194.836,9.766666666666667,2526.61,1517.1,608.9,24.1,635.5,10.1,10.073333333333332,31.719981775
1979-06-30,71.46666666666665,5.7,184.929,10.766666666666666,2591.247,1557.6,612.5,23.7,656.2,9.5,10.18,31.719981775
1979-09-30,73.83333333333333,5.866666666666667,182.102,11.766666666666666,2667.565,1611.9,615.0,23.2,671.0,8.9,10.946666666666667,31.719981775
1979-12-31,75.93333333333334,5.966666666666666,185.431,12.666666666666666,2723.883,1655.0,617.9,22.8,676.2,8.3,13.576666666666666,31.719981775
1980-03-31,78.93333333333332,6.3,197.028,14.300000000000002,2789.842,1702.3,611.8,22.2,690.3,7.4,15.046666666666667,35.922088725
1980-06-30,81.83333333333333,7.333333333333333,224.95,14.5,2797.352,1704.7,608.2,21.9,654.0,6.7,12.686666666666667,35.922088725
1980-09-30,83.33333333333333,7.666666666666667,234.792,12.866666666666667,2856.483,1763.8,624.9,21.9,629.4,6.6,9.836666666666666,35.922088725
1980-12-31,85.53333333333335,7.3999999999999995,242.814,12.633333333333333,2985.557,1831.9,676.3,22.6,690.5,7.5,15.853333333333333,35.922088725
1981-03-31,87.8,7.433333333333334,235.639,11.233333333333334,3124.206,1885.7,708.1,22.9,765.8,7.8,16.569999999999997,44.139718825
1981-06-30,89.83333333333333,7.3999999999999995,239.765,9.799999999999999,3162.532,1917.5,719.9,22.8,755.1,7.6,17.78,44.139718825
1981-09-30,92.36666666666666,7.3999999999999995,280.546,10.866666666666667,3260.609,1958.1,776.3,23.8,798.0,8.6,17.576666666666664,44.139718825
1981-12-31,93.7,8.233333333333334,298.258,9.533333333333333,3280.818,1974.4,772.6,23.5,795.4,8.0,13.586666666666666,44.139718825
1982-03-31,94.46666666666665,8.833333333333334,290.071,7.6000000000000005,3274.302,2014.2,737.0,22.3,738.6,6.5,14.226666666666667,55.41838565
1982-06-30,95.89999999999999,9.433333333333334,298.902,6.766666666666666,3331.972,2039.6,762.2,22.6,750.0,6.8,14.513333333333334,55.41838565
1982-09-30,97.7,9.9,301.016,5.766666666666667,3366.322,2085.7,730.8,21.5,750.4,5.5,11.006666666666666,55.41838565
1982-12-31,97.93333333333332,10.666666666666666,274.808,4.5,3402.561,2145.6,674.1,19.7,713.0,3.7,9.286666666666667,55.41838565
1983-03-31,97.86666666666667,10.366666666666667,279.101,3.6,3473.413,2184.6,691.8,19.9,730.2,4.0,8.653333333333334,55.85679125
1983-06-30,99.10000000000001,10.133333333333333,253.221,3.3333333333333335,3578.848,2249.4,701.0,19.7,780.8,4.0,8.803333333333335,55.85679125
1983-09-30,100.26666666666667,9.366666666666667,252.838,2.6666666666666665,3689.179,2319.9,703.3,19.3,826.8,3.8,9.459999999999999,55.85679125
1983-12-31,101.16666666666667,8.533333333333333,273.544,3.3333333333333335,3794.706,2372.5,771.1,20.5,896.9,5.3,9.43,55.85679125
1984-03-31,102.3,7.866666666666667,309.103,4.533333333333334,3908.054,2418.2,854.5,21.9,975.0,7.0,9.686666666666667,61.287292075
1984-06-30,103.39999999999999,7.433333333333334,321.697,4.333333333333333,4009.601,2475.9,873.7,21.8,1008.4,7.1,10.556666666666667,61.287292075
1984-09-30,104.53333333333335,7.433333333333334,341.337,4.266666666666667,4084.25,2513.5,898.3,22.0,1032.6,7.2,11.39,61.287292075
1984-12-31,105.3,7.3,333.108,4.1,4148.551,2561.8,900.6,21.7,1037.1,6.8,9.266666666666667,61.287292075
1985-03-31,105.96666666666665,7.233333333333333,278.753,3.5666666666666664,4230.168,2636.0,889.6,21.1,1018.1,6.3,8.476666666666667,68.040807325
1985-06-30,107.26666666666665,7.3,314.783,3.766666666666667,4294.887,2681.8,887.5,20.8,1045.4,5.9,7.923333333333333,68.040807325
1985-09-30,108.03333333333335,7.2,254.998,3.3333333333333335,4386.773,2754.1,866.2,19.9,1048.4,5.1,7.8999999999999995,68.040807325
1985-12-31,109.0,7.033333333333334,283.224,3.5,4444.094,2779.4,881.3,20.0,1086.1,5.1,8.103333333333333,68.040807325
1986-03-31,109.23333333333333,7.033333333333334,302.26,3.1,4507.894,2823.6,895.8,20.1,1092.5,5.1,7.826666666666667,73.88655595
1986-06-30,109.0,7.166666666666667,310.378,1.6333333333333335,4545.34,2851.5,871.3,19.4,1089.7,4.3,6.919999999999999,73.88655595
1986-09-30,109.8,6.966666666666666,279.49,1.6666666666666667,4607.669,2917.2,838.9,18.5,1081.5,3.3,6.206666666666666,73.88655595
1986-12-31,110.39999999999999,6.833333333333333,262.722,1.3,4657.627,2952.8,852.9,18.6,1085.3,3.3,6.266666666666667,73.88655595
1987-03-31,111.63333333333333,6.599999999999999,290.04,2.1999999999999997,4722.156,2983.5,898.2,19.2,1118.8,4.0,6.22,76.021662175
1987-06-30,113.10000000000001,6.266666666666667,216.931,3.7999999999999994,4806.16,3053.3,926.9,19.4,1128.0,4.3,6.6499999999999995,76.021662175
1987-09-30,114.39999999999999,6.0,244.481,4.2,4884.555,3117.4,961.4,19.7,1134.8,4.6,6.843333333333334,76.021662175
1987-12-31,115.36666666666667,5.833333333333333,290.912,4.466666666666667,5007.994,3150.9,1010.0,20.2,1205.6,5.2,6.916666666666667,76.021662175
1988-03-31,116.06666666666666,5.7,295.581,3.9333333333333336,5073.372,3231.9,1030.0,20.2,1162.1,5.2,6.663333333333334,77.415317325
1988-06-30,117.53333333333335,5.466666666666666,316.197,3.9333333333333336,5190.036,3291.7,1069.2,20.6,1192.7,5.6,7.156666666666666,77.415317325
1988-09-30,119.10000000000001,5.466666666666666,328.473,4.1000000000000005,5282.835,3361.9,1096.4,20.7,1200.1,5.7,7.983333333333333,77.415317325
1988-12-31,120.33333333333333,5.333333333333333,328.187,4.266666666666667,5399.509,3434.5,1111.7,20.5,1226.5,5.6,8.47,77.415317325
1989-03-31,121.66666666666667,5.2,354.567,4.833333333333333,5511.253,3490.2,1145.2,20.8,1269.3,5.9,9.443333333333333,80.4666397
1989-06-30,123.66666666666667,5.233333333333333,327.405,5.233333333333333,5612.463,3553.8,1104.8,19.9,1268.3,4.9,9.726666666666667,80.4666397
1989-09-30,124.66666666666667,5.233333333333333,320.011,4.666666666666667,5695.365,3609.4,1100.7,19.5,1271.5,4.5,9.083333333333334,80.4666397
1989-12-31,125.86666666666667,5.366666666666667,339.675,4.6,5747.237,3653.7,1089.1,19.2,1271.5,4.1,8.613333333333333,80.4666397
1990-03-31,128.03333333333333,5.3,348.433,5.233333333333333,5872.701,3737.9,1102.8,19.0,1297.7,4.0,8.25,81.2823285
1990-06-30,129.33333333333334,5.333333333333333,372.279,4.6000000000000005,5960.028,3783.4,1135.0,19.2,1303.0,4.3,8.243333333333332,81.2823285
1990-09-30,131.56666666666666,5.7,361.095,5.533333333333332,6015.116,3846.7,1105.9,18.6,1292.4,3.6,8.16,81.2823285
1990-12-31,133.70000000000002,6.133333333333333,360.718,6.233333333333333,6004.733,3867.9,1110.6,18.6,1242.2,3.4,7.743333333333332,81.2823285
1991-03-31,134.79999999999998,6.6000000000000005,388.742,5.3,6035.178,3873.6,1200.2,20.0,1215.7,4.7,6.426666666666667,74.843194775
1991-06-30,135.6,6.833333333333333,391.179,4.866666666666667,6126.862,3926.9,1145.0,18.9,1222.6,3.6,5.863333333333333,74.843194775
1991-09-30,136.66666666666666,6.866666666666667,391.586,3.8666666666666667,6205.937,3973.3,1122.7,18.3,1243.5,3.0,5.6433333333333335,74.843194775
1991-12-31,137.70000000000002,7.1000000000000005,432.346,3.0,6264.54,4000.0,1146.6,18.5,1272.0,3.3,4.816666666666666,74.843194775
1992-03-31,138.66666666666666,7.366666666666667,453.285,2.866666666666667,6363.102,4100.4,1156.1,18.3,1256.3,3.3,4.023333333333333,81.258434
1992-06-30,139.79999999999998,7.6000000000000005,472.911,3.1,6470.763,4155.7,1175.4,18.3,1310.2,3.4,3.7699999999999996,81.258434
1992-09-30,140.9,7.633333333333333,447.506,3.1,6566.641,4227.0,1126.0,17.4,1318.3,2.5,3.2566666666666664,81.258434
1992-12-31,141.9,7.366666666666667,428.287,3.033333333333333,6680.803,4307.2,1134.7,17.3,1351.7,2.4,3.0366666666666666,81.258434
1993-03-31,143.1,7.133333333333333,430.371,3.1999999999999997,6729.459,4349.5,1131.5,17.2,1372.3,2.2,3.0399999999999996,79.179860925
1993-06-30,144.20000000000002,7.066666666666666,409.397,3.1333333333333333,6808.939,4418.6,1168.5,17.5,1387.7,2.6,3.0,79.179860925
1993-09-30,144.76666666666668,6.8,367.083,2.766666666666667,6882.098,4487.2,1144.1,16.9,1386.5,2.0,3.06,79.179860925
1993-12-31,145.76666666666668,6.633333333333333,363.501,2.733333333333333,7013.738,4552.7,1211.5,17.5,1448.3,2.7,2.99,79.179860925
1994-03-31,146.7,6.566666666666666,344.59,2.5,7115.652,4621.2,1233.0,17.7,1485.4,2.9,3.2133333333333334,77.021
1994-06-30,147.63333333333333,6.2,358.4,2.4,7246.931,4683.2,1297.3,18.2,1555.2,3.5,3.94,77.021
1994-09-30,148.9333333333333,6.0,351.081,2.9,7331.075,4752.8,1306.9,18.1,1553.8,3.4,4.486666666666667,77.021
1994-12-31,149.63333333333333,5.633333333333333,374.72,2.6666666666666665,7455.288,4826.7,1346.1,18.3,1608.2,3.6,5.166666666666667,77.021
1995-03-31,150.86666666666667,5.466666666666666,406.929,2.8666666666666667,7522.289,4862.4,1395.0,18.8,1634.6,4.0,5.81,73.963274425
1995-06-30,152.20000000000002,5.666666666666667,372.33,3.1,7580.997,4933.6,1395.0,18.6,1614.4,3.7,6.02,73.963274425
1995-09-30,152.86666666666665,5.666666666666667,373.393,2.6333333333333333,7683.125,4998.7,1437.9,18.8,1610.4,4.0,5.796666666666667,73.963274425
1995-12-31,153.6,5.566666666666666,363.505,2.6333333333333333,7772.586,5055.7,1480.8,19.2,1641.4,4.4,5.72,73.963274425
1996-03-31,155.0,5.533333333333334,371.232,2.733333333333333,7868.468,5130.6,1521.0,19.4,1672.2,4.7,5.363333333333333,71.990167175
1996-06-30,156.53333333333333,5.5,366.585,2.8666666666666667,8032.84,5220.5,1561.2,19.5,1736.1,4.9,5.243333333333333,71.990167175
1996-09-30,157.36666666666667,5.266666666666667,377.336,2.966666666666667,8131.408,5274.5,1597.2,19.7,1795.4,5.1,5.306666666666667,71.990167175
1996-12-31,158.5,5.333333333333333,364.602,3.1999999999999997,8259.771,5352.8,1640.4,19.9,1804.4,5.4,5.28,71.990167175
1997-03-31,159.56666666666666,5.233333333333333,361.954,2.9333333333333336,8362.655,5433.1,1697.0,20.3,1841.7,5.8,5.276666666666666,73.29195645
1997-06-30,160.2,5.0,384.605,2.3333333333333335,8518.825,5471.3,1768.3,20.8,1914.2,6.3,5.523333333333333,73.29195645
1997-09-30,160.83333333333334,4.866666666666667,359.471,2.2,8662.823,5579.2,1820.1,21.0,1956.7,6.6,5.533333333333334,73.29195645
1997-12-31,161.46666666666667,4.666666666666667,381.029,1.866666666666667,8765.907,5663.6,1842.0,20.9,1976.2,6.5,5.506666666666667,73.29195645
1998-03-31,161.9,4.633333333333333,451.659,1.4666666666666668,8866.48,5721.3,1906.6,21.4,2043.6,7.0,5.52,72.749013775
1998-06-30,162.76666666666668,4.3999999999999995,435.52,1.5999999999999999,8969.699,5832.6,1917.6,21.1,2036.8,6.8,5.5,72.749013775
1998-09-30,163.4,4.533333333333333,423.314,1.5999999999999999,9121.097,5926.8,1960.9,21.3,2095.8,7.0,5.533333333333334,72.749013775
1998-12-31,163.96666666666667,4.433333333333334,387.857,1.5333333333333332,9293.991,6028.2,1941.9,20.8,2146.5,6.5,4.86,72.749013775
1999-03-31,164.6,4.3,400.568,1.6666666666666667,9411.682,6102.0,2050.3,21.6,2210.1,7.3,4.733333333333333,74.523722825
1999-06-30,166.2,4.266666666666667,304.702,2.1333333333333333,9526.21,6230.6,1990.3,20.7,2210.9,6.3,4.746666666666667,74.523722825
1999-09-30,167.23333333333332,4.233333333333333,282.767,2.3333333333333335,9686.626,6335.3,1979.6,20.4,2263.8,5.9,5.093333333333334,74.523722825
1999-12-31,168.26666666666668,4.066666666666666,275.235,2.6333333333333333,9900.169,6467.0,2012.7,20.3,2337.4,5.7,5.306666666666667,74.523722825
2000-03-31,169.93333333333334,4.033333333333333,296.727,3.233333333333333,10002.179,6618.2,2123.2,20.8,2339.8,6.3,5.676666666666667,80.02158105
2000-06-30,171.73333333333335,3.9333333333333336,315.106,3.3333333333333335,10247.72,6711.9,2121.7,20.6,2461.6,6.0,6.273333333333333,80.02158105
2000-09-30,173.1,4.0,336.306,3.533333333333333,10318.165,6820.0,2153.6,20.6,2446.2,6.0,6.52,80.02158105
2000-12-31,174.03333333333333,3.9,319.143,3.4,10435.744,6918.6,2106.1,20.0,2461.5,5.4,6.473333333333334,80.02158105
2001-03-31,175.69999999999996,4.233333333333333,358.495,3.3666666666666667,10470.231,6995.3,2157.7,20.1,2372.2,5.5,5.593333333333334,82.95140265
2001-06-30,177.53333333333333,4.3999999999999995,341.631,3.366666666666667,10599.0,7042.3,2146.0,19.9,2392.0,5.1,4.326666666666667,82.95140265
2001-09-30,177.76666666666665,4.833333333333333,494.442,2.6666666666666665,10598.02,7070.3,2056.9,19.1,2348.4,4.1,3.4966666666666666,82.95140265
2001-12-31,177.26666666666665,5.5,258.046,1.8666666666666665,10660.465,7187.3,1927.5,17.9,2274.3,2.8,2.1333333333333333,82.95140265
2002-03-31,177.9,5.7,436.958,1.2333333333333334,10783.5,7217.7,1986.2,18.3,2347.4,3.2,1.7333333333333334,94.6157847
2002-06-30,179.83333333333334,5.833333333333333,474.767,1.3,10887.46,7308.0,1995.2,18.1,2371.7,3.1,1.75,94.6157847
2002-09-30,180.6,5.733333333333333,441.534,1.5999999999999999,10984.04,7397.1,1986.3,17.9,2380.3,2.9,1.74,94.6157847
2002-12-31,181.16666666666666,5.866666666666667,453.135,2.1999999999999997,11061.433,7473.0,2033.6,18.1,2397.0,3.1,1.4433333333333334,94.6157847
2003-03-31,183.0,5.866666666666667,425.661,2.8666666666666667,11174.129,7567.2,1942.6,17.2,2417.3,2.2,1.25,110.1330174
2003-06-30,183.66666666666666,6.133333333333333,430.175,2.1333333333333333,11312.766,7661.5,1968.9,17.2,2430.7,2.3,1.2466666666666668,110.1330174
2003-09-30,184.5666666666667,6.133333333333333,469.914,2.2,11566.669,7820.9,1985.5,17.1,2513.4,2.2,1.0166666666666666,110.1330174
2003-12-31,184.6,5.833333333333333,433.82,1.8999999999999997,11772.234,7913.5,2054.4,17.4,2603.7,2.6,0.9966666666666667,110.1330174
2004-03-31,186.26666666666665,5.7,402.134,1.7666666666666666,11923.447,8048.8,2072.0,17.2,2628.4,2.5,1.0033333333333332,123.24984405
2004-06-30,188.9333333333333,5.599999999999999,447.439,2.9,12112.815,8147.1,2157.0,17.6,2745.9,2.9,1.01,123.24984405
2004-09-30,189.6,5.433333333333334,405.659,2.733333333333333,12305.307,8283.3,2229.8,17.9,2808.4,3.2,1.4333333333333333,123.24984405
2004-12-31,190.73333333333335,5.433333333333334,412.97,3.3333333333333335,12527.214,8448.6,2172.3,17.2,2887.2,2.4,1.95,123.24984405
2005-03-31,191.9333333333333,5.3,229.277,3.033333333333333,12767.286,8551.7,2281.7,17.8,2987.6,2.9,2.47,133.30075
2005-06-30,194.5,5.1000000000000005,206.96,2.9333333333333336,12922.656,8701.1,2306.6,17.7,2986.7,2.7,2.9433333333333334,133.30075
2005-09-30,196.86666666666667,4.966666666666667,167.231,3.8333333333333335,13142.642,8868.1,2331.7,17.6,3048.4,2.6,3.4599999999999995,133.30075
2005-12-31,197.86666666666665,4.966666666666667,233.243,3.733333333333333,13324.204,8955.3,2495.4,18.4,3169.3,3.4,3.98,133.30075
2006-03-31,198.9333333333333,4.733333333333333,309.871,3.6666666666666665,13599.16,9100.2,2644.4,19.1,3249.4,4.1,4.456666666666667,139.58375
2006-06-30,202.29999999999998,4.633333333333333,293.767,4.0,13753.424,9227.6,2652.0,18.9,3261.1,3.9,4.906666666666667,139.58375
2006-09-30,203.4333333333333,4.633333333333334,241.897,3.3333333333333335,13870.188,9353.8,2638.5,18.6,3259.5,3.5,5.246666666666667,139.58375
2006-12-31,201.70000000000002,4.433333333333334,258.266,1.9333333333333333,14039.56,9427.4,2634.4,18.5,3237.4,3.2,5.246666666666667,139.58375
2007-03-31,203.76666666666665,4.5,279.493,2.433333333333333,14215.651,9572.1,2559.4,17.8,3238.6,2.4,5.256666666666667,147.3965
2007-06-30,207.66666666666666,4.5,296.279,2.6666666666666665,14402.082,9678.7,2619.5,18.0,3288.9,2.6,5.25,147.3965
2007-09-30,208.23333333333335,4.666666666666667,249.832,2.4,14564.117,9798.4,2474.0,17.0,3281.9,1.4,5.073333333333333,147.3965
2007-12-31,209.70000000000002,4.8,228.09,3.9666666666666663,14715.058,9937.1,2394.7,16.3,3250.8,0.7,4.496666666666667,147.3965
2008-03-31,212.1,5.0,300.736,4.1000000000000005,14706.538,10004.4,2307.3,15.7,3175.3,-0.1,3.1766666666666663,164.189
2008-06-30,216.73333333333335,5.333333333333333,512.392,4.366666666666666,14865.701,10129.9,2189.1,14.8,3168.2,-1.1,2.0866666666666664,164.189
2008-09-30,219.27766666666665,6.0,386.32,5.3,14898.999,10159.1,2229.0,15.0,3136.0,-1.0,1.9400000000000002,164.189
2008-12-31,213.07533333333336,6.866666666666667,606.447,1.6333333333333335,14608.209,9906.9,2121.7,14.6,2949.3,-1.9,0.5066666666666667,164.189
2009-03-31,212.01500000000001,8.266666666666667,616.407,-0.06666666666666667,14430.902,9815.0,1983.4,13.9,2654.9,-2.8,0.18333333333333335,176.47925
2009-06-30,214.263,9.299999999999999,743.161,-1.1333333333333333,14381.236,9805.5,1962.8,13.7,2510.2,-2.8,0.18000000000000002,176.47925
2009-09-30,215.718,9.633333333333333,552.529,-1.6333333333333335,14448.882,9939.4,1934.5,13.4,2486.4,-2.9,0.15666666666666665,176.47925
2009-12-31,216.15200000000002,9.933333333333334,587.654,1.4333333333333336,14651.249,10005.0,2110.3,14.4,2638.8,-1.8,0.12,176.47925
2010-03-31,217.01966666666667,9.833333333333334,601.846,2.3333333333333335,14764.61,10101.8,2137.7,14.4,2671.3,-1.6,0.13333333333333333,184.50125
2010-06-30,218.05066666666667,9.633333333333333,702.739,1.7666666666666668,14980.193,10208.1,2238.2,14.8,2796.8,-1.0,0.19333333333333336,184.50125
2010-09-30,218.254,9.466666666666667,696.731,1.1333333333333333,15141.607,10300.8,2407.8,15.7,2885.9,0.1,0.18666666666666668,184.50125
2010-12-31,218.89766666666665,9.5,684.383,1.2666666666666666,15309.474,10430.3,2419.3,15.6,2885.8,0.0,0.18666666666666668,184.50125
2011-03-31,221.66633333333334,9.033333333333333,773.709,2.1333333333333333,15351.448,10558.2,2376.2,15.2,2845.3,-0.4,0.15666666666666668,188.072
2011-06-30,225.53066666666666,9.066666666666666,749.284,3.466666666666667,15557.539,10673.0,2471.2,15.6,2933.6,0.0,0.09333333333333334,188.072
2011-09-30,226.452,9.0,785.916,3.766666666666667,15647.68,10755.0,2574.2,16.1,2958.0,0.5,0.08333333333333333,188.072
2011-12-31,226.10766666666666,8.633333333333333,796.225,3.3000000000000003,15842.259,10809.2,2711.0,16.8,3139.8,1.3,0.07333333333333335,188.072
2012-03-31,227.90333333333334,8.266666666666667,909.651,2.8333333333333335,16068.805,10959.3,2933.4,17.8,3194.6,2.4,0.10333333333333333,181.30125
2012-06-30,229.79266666666663,8.2,974.069,1.9000000000000001,16207.115,11005.1,2990.8,18.0,3264.0,2.6,0.15333333333333335,181.30125
2012-09-30,230.29666666666665,8.033333333333333,859.91,1.7,16319.541,11059.4,2875.4,17.4,3263.5,1.7,0.14333333333333334,181.30125
2012-12-31,230.37966666666668,7.8,1162.472,1.9000000000000001,16420.419,11165.7,3090.2,18.3,3249.0,2.8,0.16,181.30125
2013-03-31,231.7396666666667,7.733333333333333,590.013,1.7,16648.189,11277.7,3027.8,17.9,3345.7,2.3,0.14333333333333334,169.80725
2013-06-30,232.99333333333334,7.533333333333334,650.812,1.4333333333333333,16728.687,11315.7,3123.1,18.3,3379.8,2.7,0.11666666666666665,169.80725
2013-09-30,233.87400000000002,7.233333333333333,652.167,1.5666666666666667,16953.838,11408.4,3137.5,18.3,3496.8,2.6,0.08333333333333333,169.80725
2013-12-31,233.22133333333332,6.933333333333334,569.795,1.2333333333333334,17192.019,11551.2,3186.6,18.3,3538.3,2.6,0.08666666666666667,169.80725
2014-03-31,234.99666666666667,6.666666666666667,667.866,1.4000000000000001,17197.738,11646.0,3258.4,18.6,3514.4,2.8,0.07333333333333335,161.94725
2014-06-30,237.77166666666665,6.2,715.105,2.0666666666666664,17518.508,11810.5,3454.0,19.3,3665.0,3.6,0.09333333333333334,161.94725
2014-09-30,238.04433333333336,6.066666666666666,714.945,1.8,17804.228,11959.8,3521.1,19.4,3752.4,3.8,0.09000000000000001,161.94725
2014-12-31,236.13199999999998,5.7,750.067,1.2666666666666666,17912.079,12081.6,3551.1,19.4,3789.4,3.7,0.09999999999999999,161.94725
2015-03-31,234.84933333333333,5.533333333333334,828.313,-0.06666666666666667,18063.529,12119.8,3626.4,19.7,3895.9,4.0,0.11,158.45740975
2015-06-30,237.68066666666667,5.433333333333334,781.359,-0.03333333333333333,18279.784,12264.1,3619.7,19.5,3923.8,3.8,0.12333333333333334,158.45740975
2015-09-30,238.30499999999998,5.1000000000000005,766.046,0.13333333333333333,18401.626,12382.5,3546.3,19.0,3941.3,3.3,0.1366666666666667,158.45740975
2015-12-31,237.23299999999998,5.033333333333333,786.573,0.4666666666666666,18435.137,12423.4,3558.9,19.0,3910.7,3.2,0.16,158.45740975
2016-03-31,237.38633333333334,4.8999999999999995,808.121,1.0999999999999999,18525.933,12523.2,3531.2,18.8,3893.2,3.0,0.36000000000000004,159.96411075
2016-06-30,240.1783333333333,4.933333333333334,726.508,1.0333333333333334,18711.702,12665.1,3414.5,18.1,3893.0,2.2,0.37333333333333335,159.96411075
2016-09-30,240.976,4.8999999999999995,713.29,1.1333333333333335,18892.639,12797.1,3423.9,18.0,3908.5,2.1,0.39666666666666667,159.96411075
2016-12-31,241.50466666666668,4.766666666666667,736.869,1.8,19089.379,12922.0,3525.2,18.3,4017.2,2.4,0.45,159.96411075
2017-03-31,243.4143333333333,4.566666666666666,788.971,2.533333333333333,19280.084,13097.3,3624.1,18.6,4026.3,2.7,0.7000000000000001,161.68823175
2017-06-30,244.73733333333334,4.366666666666667,872.081,1.8999999999999997,19438.643,13188.7,3646.8,18.5,4107.7,2.6,0.9500000000000001,161.68823175
2017-09-30,245.708,4.333333333333333,883.02,1.9333333333333333,19692.595,13325.1,3742.5,18.8,4183.2,2.9,1.1533333333333333,161.68823175
2017-12-31,246.61866666666666,4.166666666666667,822.514,2.1,20037.088,13551.4,3799.4,18.8,4279.2,2.9,1.2033333333333334,161.68823175
2018-03-31,248.804,4.033333333333333,880.197,2.233333333333334,20328.553,13745.1,3842.8,18.7,4358.2,2.9,1.4466666666666665,170.62285
2018-06-30,251.37433333333334,3.9333333333333336,939.953,2.733333333333333,20580.912,13891.3,3906.9,18.8,4394.3,2.9,1.7366666666666666,170.62285
2018-09-30,252.197,3.766666666666667,1028.508,2.6333333333333333,20798.73,14002.2,4006.8,19.1,4529.3,3.2,1.9233333333333331,170.62285
2018-12-31,252.052,3.8333333333333335,1137.964,2.1999999999999997,20917.867,14099.2,4046.8,19.1,4539.9,3.2,2.22,170.62285
2019-03-31,252.89666666666668,3.8666666666666667,1309.784,1.6666666666666667,21104.133,14148.0,4241.4,19.7,4615.5,3.8,2.4033333333333333,183.586025
2019-06-30,255.92766666666662,3.6333333333333333,1178.667,1.8,21384.775,14336.8,4159.1,19.2,4665.0,3.2,2.3966666666666665,183.586025
2019-09-30,256.62933333333336,3.6333333333333333,1136.924,1.7333333333333334,21694.282,14517.7,4143.2,19.0,4720.7,2.9,2.19,183.586025
2019-12-31,257.176,3.6,1138.14,2.066666666666667,21902.39,14668.0,4162.3,18.9,4668.3,2.9,1.6433333333333333,183.586025
2020-03-31,258.25466666666665,3.8000000000000003,1504.369,2.1,21706.513,14473.1,4281.4,19.4,4612.2,3.2,1.26,194.5993
2020-06-30,256.86,12.966666666666667,4423.657,0.3333333333333333,19913.143,13168.9,3443.6,17.2,4068.3,-0.8,0.06,194.5993
2020-09-30,259.7663333333333,8.833333333333334,2654.386,1.2333333333333332,21647.64,14456.2,3693.1,17.2,4707.5,0.2,0.09333333333333334,194.5993
2020-12-31,260.36366666666663,6.766666666666667,2131.883,1.2666666666666666,22024.502,14726.7,4329.5,19.3,4871.2,2.9,0.09000000000000001,194.5993
2021-03-31,263.15766666666667,6.2,3889.697,1.8999999999999997,22600.185,15217.7,4198.1,18.3,4854.9,2.0,0.08,200.16805
2021-06-30,269.315,5.933333333333334,1888.618,4.866666666666666,23292.362,15950.9,4001.9,17.1,4836.4,0.8,0.07,200.16805
2021-09-30,273.6266666666666,5.133333333333334,1552.125,5.366666666666667,23828.973,16285.1,4137.0,17.2,5050.0,0.9,0.09000000000000001,200.16805
2021-12-31,277.7796666666667,4.2,1151.639,6.666666666666667,24654.603,16718.2,4465.8,18.0,5430.9,1.8,0.08,200.16805
2022-03-31,284.1226666666667,3.8000000000000003,703.749,7.966666666666666,25029.116,17030.6,4612.7,18.2,5615.0,1.9,0.12,
2022-06-30,292.57199999999995,3.6,552.414,8.666666666666666,25544.273,17415.1,4738.0,18.3,5597.6,1.8,0.77,
2022-09-30,296.41833333333335,3.5666666666666664,612.615,8.333333333333334,25994.639,17684.2,4827.4,18.3,5607.0,1.7,2.19,
2022-12-31,297.50666666666666,3.6,622.428,7.1000000000000005,26408.405,17917.0,4621.4,17.5,5714.1,0.7,3.653333333333333,
2023-03-31,300.61533333333335,3.5,948.202,5.8,26813.601,18269.6,4466.9,16.8,5667.6,-0.2,4.516666666666667,
2023-06-30,304.19966666666664,3.5666666666666664,1040.11,3.966666666666667,27063.012,18419.0,4497.8,16.8,5754.6,-0.2,4.989999999999999,
2023-09-30,306.8353333333333,3.6999999999999997,776.887,3.5333333333333337,,18734.3,,,5894.9,,5.260000000000001,
2023-12-31,,,,,,,,,,,,
